{
  "code":0,
  "msg":"",
  "count":100,
  "data": [
    {
      "id": 10000, "imageUrl": "查看", "username": "user-0", "sex": "女", "address": "5栋三楼-111号",
      "space": "20", "state": "可预约", "auto": "否", "classify": "作家", "score": 57
    },
    {
      "id": 10001, "username": "user-1", "sex": "男", "city": "城市-1", "sign": "签名-1", "experience": 884,
      "logins": 58, "wealth": 64928690, "classify": "词人", "score": 27
    },
    {
      "id": 10000, "name": "张三", "attendance": "35", "applay_time": "2019-01-27", "useTime": "2019-02-22 08:00-10:00",
      "room": "从星楼#212", "topic": "销售计划", "other": "无", "state":"0"
    }
  ]

}