{
  "code": 0,
  "msg": "",
  "count": 100,
  "data": [
    {
      "id": 10000, "name": "张三", "attendance": "35", "applay_time": "2019-01-27", "useTime": "2019-02-22 08:00-10:00",
      "room": "从星楼#212", "topic": "销售计划", "other": "发动机盖客服发动机盖客服发动机盖客服发动机盖客服发动机盖客服发动机盖客服", "state":"0"
    },
    {
      "id": 10000, "name": "张三", "attendance": "35", "applay_time": "2019-01-27", "useTime": "2019-02-22 08:00-10:00",
      "room": "从星楼#212", "topic": "销售计划", "other": "gfgfgfdgdfgdg发动机盖客服","state":"1"
    },
    {
      "id": 10000, "name": "张三", "attendance": "35", "applay_time": "2019-01-27", "useTime": "2019-02-22 08:00-10:00",
      "room": "从星楼#212", "topic": "销售计划", "other": "无","state":"0"
    },
    {
      "id": 10000, "name": "张三", "attendance": "35", "applay_time": "2019-01-27", "useTime": "2019-02-22 08:00-10:00",
      "room": "从星楼#212", "topic": "销售计划", "other": "无","state":"0"
    },
    {
      "id": 10000, "name": "张三", "attendance": "35", "applay_time": "2019-01-27", "useTime": "2019-02-22 08:00-10:00",
      "room": "从星楼#212", "topic": "销售计划", "other": "无","state":"1"
    },
    {
      "id": 10000, "name": "张三", "attendance": "35", "applay_time": "2019-01-27", "useTime": "2019-02-22 08:00-10:00",
      "room": "从星楼#212", "topic": "销售计划", "other": "无","state":"1"
    },
    {
      "id": 10000, "name": "张三", "attendance": "35", "applay_time": "2019-01-27", "useTime": "2019-02-22 08:00-10:00",
      "room": "从星楼#212", "topic": "销售计划", "other": "无","state":"1"
    }
  ]
}