{
  "code": 0,
  "msg": "",
  "count": 100,
  "data": [
    {
      "id": 10000,
      "imageUrl": "1.jpg",
      "username": "user-0",
      "sex": "女",
      "address": "5栋三楼-111号",
      "space": "20",
      "state": "可预约",
      "auto": "否",
      "classify": "作家",
      "score": 57
    },
    {
      "id": 10001,
      "username": "user-1",
      "sex": "男",
      "city": "城市-1",
      "sign": "签名-1",
      "experience": 884,
      "logins": 58,
      "wealth": 64928690,
      "classify": "词人",
      "score": 27
    },
    {
      "id": 10004,
      "username": "user-4",
      "sex": "男",
      "city": "城市-4",
      "sign": "签名-4",
      "experience": 807,
      "logins": 51,
      "wealth": 76263262,
      "classify": "作家",
      "score": 6
    }
  ]
}