{
  "code":0,
  "msg":"",
  "count":100,
  "data": [
    {
      "id": 1000, "time": "2019-02-24 10:23:56", "people": "张三", "title": "放假提醒",
      "content": "即将进入春节假期，会议室从2018-02-04开始停止对外开发，直至2018-02-17恢复使用， 如需需要可以提前预定，祝大家节日快乐。"
    },
    {
      "id": 1001, "time": "2019-02-18 16:45:32", "people": "张三", "title": "放假提醒",
      "content": "即将进入春节假期，会议室从2018-02-04开始停止对外开发，直至2018-02-17恢复使用， 如需需要可以提前预定，祝大家节日快乐。"
    }
  ]

}